id;nome;telefone_1;telefone_2;email;cpf;rg;n_habilidacao;estado_emissao_habilitacao;validade_habilitacao
1;mockingly overburden;within;pro;Kleber_Santos@hotmail.com;among;glorious;brr;2024-02-05;2024-02-05
2;fast longingly;waterfront excepting;furthermore;Caua_Reis11@hotmail.com;with consid;categorise;moderate bec;2024-02-05;2024-02-05
3;as;hence litter what;mysteriously;Alessandra_Oliveira57@gmail.co;how meanwhi;scrawny bi;fooey predet;2024-02-05;2024-02-05
4;boo an;shady hoarse foster;impure gently daily;Talita_Barros@yahoo.com;for past;who valian;versus prep ;2024-02-05;2024-02-04
5;below athwart;so cheerful;scrub;Alessandro43@yahoo.com;honestly fu;glass omni;mmm;2024-02-05;2024-02-05
6;an group;provided swab amongst;dismantle;Miguel_Martins42@bol.com.br;so;heavenly;brr an;2024-02-05;2024-02-05
7;owlishly;thankfully overpay;likely reinstate ick;Bruna_Franco@hotmail.com;crewmate mi;off;failing pane;2024-02-05;2024-02-05
8;majestically foolishly lucky;aboard;following;Pablo.Moreira@bol.com.br;until hollo;rile;bashfully;2024-02-05;2024-02-05
9;eventually nor;attribute;cat oof;Roberto.Carvalho34@live.com;cage nervou;by;after;2024-02-05;2024-02-05
10;that unless gossip;seed;boohoo lopsided mid;Margarida.Braga@hotmail.com;however dil;plantation;until;2024-02-05;2024-02-05
